movieId,imdbId,title,overview,productionCompanies,releaseDate,budget,revenue,runtime,language,genres,status,sentiment,budget_tier,revenue_tier,production_effectiveness,audience_appeal
2,tt0094675,Ariel,"Taisto Kasurinen is a Finnish coal miner whose father has just committed suicide and who is framed for a crime he did not commit. In jail, he starts to dream about leaving the country and starting a new life. He escapes from prison but things don't go as planned...","[{""name"": ""Villealfa Filmproduction Oy"", ""id"": 2303}, {""name"": ""Finnish Film Foundation"", ""id"": 2396}]",1988-10-21,0,0,69.0,,"[{""id"": 18, ""name"": ""Drama""}, {""id"": 80, ""name"": ""Crime""}]",Released,negative,low,low,6,desperate quest for freedom
3,tt0092149,Shadows in Paradise,"An episode in the life of Nikander, a garbage man, involving the death of a co-worker, an affair and much more.","[{""name"": ""Villealfa Filmproduction Oy"", ""id"": 2303}]",1986-10-16,0,0,76.0,,"[{""id"": 18, ""name"": ""Drama""}, {""id"": 35, ""name"": ""Comedy""}]",Released,neutral,low,low,5,bittersweet life reflections
5,tt0113101,Four Rooms,It's Ted the Bellhop's first night on the job...and the hotel's very unusual guests are about to place him in some outrageous predicaments. It seems that this evening's room service is serving up one unbelievable happening after another.,"[{""name"": ""Miramax Films"", ""id"": 14}, {""name"": ""A Band Apart"", ""id"": 59}]",1995-12-09,4000000,4300000,98.0,,"[{""id"": 80, ""name"": ""Crime""}, {""id"": 35, ""name"": ""Comedy""}]",Released,mixed,low,low,5,quirky hotel antics
6,tt0107286,Judgment Night,"While racing to a boxing match, Frank, Mike, John and Rey get more than they bargained for. A wrong turn lands them directly in the path of Fallon, a vicious, wise-cracking drug lord. After accidentally witnessing Fallon murder a disloyal henchman, the four become his unwilling prey in a savage game of cat &amp; mouse as they are mercilessly stalked through the urban jungle in this taut suspense drama","[{""name"": ""Universal Pictures"", ""id"": 33}, {""name"": ""Largo Entertainment"", ""id"": 1644}, {""name"": ""JVC Entertainment Networks"", ""id"": 4248}]",1993-10-15,0,12136938,110.0,,"[{""id"": 28, ""name"": ""Action""}, {""id"": 53, ""name"": ""Thriller""}, {""id"": 80, ""name"": ""Crime""}]",Released,negative,low,low,4,tense urban thriller
11,tt0076759,Star Wars,Princess Leia is captured and held hostage by the evil Imperial forces in their effort to take over the galactic Empire. Venturesome Luke Skywalker and dashing captain Han Solo team together with the loveable robot duo R2-D2 and C-3PO to rescue the beautiful princess and restore peace and justice in the Empire.,"[{""name"": ""Lucasfilm"", ""id"": 1}, {""name"": ""Twentieth Century Fox Film Corporation"", ""id"": 306}]",1977-05-25,11000000,775398007,121.0,,"[{""id"": 12, ""name"": ""Adventure""}, {""id"": 28, ""name"": ""Action""}, {""id"": 878, ""name"": ""Science Fiction""}]",Released,positive,low,high,10,epic space adventure
12,tt0266543,Finding Nemo,"Nemo, an adventurous young clownfish, is unexpectedly taken from his Great Barrier Reef home to a dentist's office aquarium. It's up to his worrisome father Marlin and a friendly but forgetful fish Dory to bring Nemo home -- meeting vegetarian sharks, surfer dude turtles, hypnotic jellyfish, hungry seagulls, and more along the way.","[{""name"": ""Pixar Animation Studios"", ""id"": 3}]",2003-05-30,94000000,940335536,100.0,,"[{""id"": 16, ""name"": ""Animation""}, {""id"": 10751, ""name"": ""Family""}]",Released,positive,medium,high,9,heartwarming family adventure
13,tt0109830,Forrest Gump,"A man with a low IQ has accomplished great things in his life and been present during significant historic events - in each case, far exceeding what anyone imagined he could do. Yet, despite all the things he has attained, his one true love eludes him. 'Forrest Gump' is the story of a man who rose above his challenges, and who proved that determination, courage, and love are more important than ability.","[{""name"": ""Paramount Pictures"", ""id"": 4}]",1994-07-06,55000000,677945399,142.0,,"[{""id"": 35, ""name"": ""Comedy""}, {""id"": 18, ""name"": ""Drama""}, {""id"": 10749, ""name"": ""Romance""}]",Released,positive,medium,high,9,inspirational life journey
14,tt0169547,American Beauty,"Lester Burnham, a depressed suburban father in a mid-life crisis, decides to turn his hectic life around after developing an infatuation with his daughter's attractive friend.","[{""name"": ""DreamWorks SKG"", ""id"": 27}, {""name"": ""Jinks/Cohen Company"", ""id"": 2721}]",1999-09-15,15000000,356296601,122.0,,"[{""id"": 18, ""name"": ""Drama""}]",Released,mixed,medium,medium,8,dark suburban satire
15,tt0033467,Citizen Kane,"Newspaper magnate, Charles Foster Kane is taken from his mother as a boy and made the ward of a rich industrialist. As a result, every well-meaning, tyrannical or self-destructive move he makes for the rest of his life appears in some way to be a reaction to that deeply wounding event.","[{""name"": ""RKO Radio Pictures"", ""id"": 6}, {""name"": ""Mercury Productions"", ""id"": 11447}]",1941-04-30,839727,23217674,119.0,,"[{""id"": 9648, ""name"": ""Mystery""}, {""id"": 18, ""name"": ""Drama""}]",Released,neutral,low,medium,8,timeless character study
16,tt0168629,Dancer in the Dark,"Selma, a Czech immigrant on the verge of blindness, struggles to make ends meet for herself and her son, who has inherited the same genetic disorder and will suffer the same fate without an expensive operation. When life gets too difficult, Selma learns to cope through her love of musicals, escaping life's troubles - even if just for a moment - by dreaming up little numbers to the rhythmic beats of her surroundings.","[{""name"": ""Fine Line Features"", ""id"": 8}, {""name"": ""Zentropa Entertainments"", ""id"": 76}, {""name"": ""Danmarks Radio (DR)"", ""id"": 119}, {""name"": ""SVT Drama"", ""id"": 157}, {""name"": ""Arte"", ""id"": 201}, {""name"": ""Memfis Film"", ""id"": 321}, {""name"": ""France 3 Cinéma"", ""id"": 591}, {""name"": ""Angel films"", ""id"": 2996}, {""name"": ""TV 1000"", ""id"": 4524}, {""name"": ""Canal+"", ""id"": 5358}, {""name"": ""Constantin Film Produktion"", ""id"": 5755}, {""name"": ""Yleisradio (YLE)"", ""id"": 5975}, {""name"": ""Arte France Cinéma"", ""id"": 6916}, {""name"": ""Westdeutscher Rundfunk (WDR)"", ""id"": 7025}, {""name"": ""Blind Spot Pictures Oy"", ""id"": 7330}, {""name"": ""Vrijzinnig Protestantse Radio Omroep (VPRO)"", ""id"": 8659}, {""name"": ""Film4"", ""id"": 9349}, {""name"": ""Liberator Productions"", ""id"": 11239}, {""name"": ""Icelandic Film"", ""id"": 14937}, {""name"": ""Film i Väst"", ""id"": 17513}, {""name"": ""Pain Unlimited GmbH Filmproduktion"", ""id"": 30268}, {""name"": ""Trust Film Svenska"", ""id"": 53667}, {""name"": ""Cinematograph A/S"", ""id"": 53668}, {""name"": ""What Else? B.V"", ""id"": 53669}, {""name"": ""Filmek A/S"", ""id"": 53670}, {""name"": ""Lantia Cinema & Audiovisivi"", ""id"": 53671}]",2000-05-17,12800000,40031879,140.0,,"[{""id"": 18, ""name"": ""Drama""}, {""id"": 80, ""name"": ""Crime""}, {""id"": 10402, ""name"": ""Music""}]",Released,mixed,low,low,5,emotional musical journey
17,tt0411267,The Dark,Adèle and her daughter Sarah are traveling on the Welsh coastline to see her husband James when Sarah disappears. A different but similar looking girl appears who says she died in a past time. Adèle tries to discover what happened to her daughter as she is tormented by Celtic mythology from the past.,"[{""name"": ""Constantin Film"", ""id"": 47}, {""name"": ""Impact Pictures"", ""id"": 248}, {""name"": ""Isle of Man Film"", ""id"": 2268}, {""name"": ""UK Film Council"", ""id"": 2452}]",2006-01-26,0,0,87.0,,"[{""id"": 27, ""name"": ""Horror""}, {""id"": 53, ""name"": ""Thriller""}, {""id"": 9648, ""name"": ""Mystery""}]",Released,mixed,low,low,4,mysterious psychological horror
18,tt0119116,The Fifth Element,"In 2257, a taxi driver is unintentionally given the task of saving a young girl who is part of the key that will ensure the survival of humanity.","[{""name"": ""Columbia Pictures"", ""id"": 5}, {""name"": ""Gaumont"", ""id"": 9}]",1997-05-07,90000000,263920180,126.0,,"[{""id"": 12, ""name"": ""Adventure""}, {""id"": 14, ""name"": ""Fantasy""}, {""id"": 28, ""name"": ""Action""}, {""id"": 53, ""name"": ""Thriller""}, {""id"": 878, ""name"": ""Science Fiction""}]",Released,positive,medium,medium,8,colorful sci-fi adventure
19,tt0017136,Metropolis,"In a futuristic city sharply divided between the working class and the city planners, the son of the city's mastermind falls in love with a working class prophet who predicts the coming of a savior to mediate their differences.","[{""name"": ""Paramount Pictures"", ""id"": 4}, {""name"": ""Universum Film (UFA)"", ""id"": 12372}]",1927-01-10,92620000,650422,153.0,,"[{""id"": 18, ""name"": ""Drama""}, {""id"": 878, ""name"": ""Science Fiction""}]",Released,neutral,high,low,2,visionary social commentary
20,tt0314412,My Life Without Me,A Pedro Almodovar production in which a fatally ill mother with only two months to live creates a list of things she wants to do before she dies with out telling her family of her illness.,"[{""name"": ""El Deseo"", ""id"": 49}, {""name"": ""Milestone Productions"", ""id"": 77}]",2003-03-07,0,9726954,106.0,,"[{""id"": 18, ""name"": ""Drama""}, {""id"": 10749, ""name"": ""Romance""}]",Released,mixed,low,low,5,poignant life reflections
21,tt0060371,The Endless Summer,"The Endless Summer, by Bruce Brown, is one of the first and most influential surf movies of all times. The film documents American surfers Mike Hynson and Robert August as they travel the world during California’s winter (which back in 1965 was off-season for surfing) in search of the perfect wave and an endless summer.","[{""name"": ""Bruce Brown Films"", ""id"": 13723}]",1966-06-15,0,0,95.0,,"[{""id"": 99, ""name"": ""Documentary""}]",Released,positive,low,medium,8,inspirational surf journey
22,tt0325980,Pirates of the Caribbean: The Curse of the Black Pearl,"Jack Sparrow, a freewheeling 17th-century pirate who roams the Caribbean Sea, butts heads with a rival pirate bent on pillaging the village of Port Royal. When the governor's daughter is kidnapped, Sparrow decides to help the girl's love save her. But their seafaring mission is hardly simple.","[{""name"": ""Walt Disney Pictures"", ""id"": 2}, {""name"": ""Jerry Bruckheimer Films"", ""id"": 130}]",2003-07-09,140000000,655011224,143.0,,"[{""id"": 12, ""name"": ""Adventure""}, {""id"": 14, ""name"": ""Fantasy""}, {""id"": 28, ""name"": ""Action""}]",Released,positive,high,high,9,swashbuckling adventure
24,tt0266697,Kill Bill: Vol. 1,"An assassin is shot at the altar by her ruthless employer, Bill and other members of their assassination circle – but 'The Bride' lives to plot her vengeance. Setting out for some payback, she makes a death list and hunts down those who wronged her, saving Bill for last.","[{""name"": ""Miramax Films"", ""id"": 14}, {""name"": ""A Band Apart"", ""id"": 59}, {""name"": ""Super Cool ManChu"", ""id"": 39121}]",2003-10-10,30000000,180949000,111.0,,"[{""id"": 28, ""name"": ""Action""}, {""id"": 80, ""name"": ""Crime""}]",Released,positive,medium,medium,8,stylish revenge thriller
25,tt0418763,Jarhead,"Jarhead is a film about a US Marine Anthony Swofford’s experience in the Gulf War. After putting up with an arduous boot camp, Swafford and his unit are sent to the Persian Gulf where they are earger to fight but are forced to stay back from the action. Meanwhile Swofford gets news of his girlfriend is cheating on him. Desperately he wants to kill someone and finally put his training to use.","[{""name"": ""Universal Pictures"", ""id"": 33}, {""name"": ""Neal Street Productions"", ""id"": 1522}, {""name"": ""Red Wagon Entertainment"", ""id"": 14440}, {""name"": ""Motion Picture KAPPA Produktionsgesellschaft"", ""id"": 19934}]",2005-11-04,72000000,96889998,125.0,,"[{""id"": 18, ""name"": ""Drama""}, {""id"": 10752, ""name"": ""War""}]",Released,mixed,medium,medium,6,gritty war drama
26,tt0352994,Walk on Water,"Eyal, an Israeli Mossad agent, is given the mission to track down and kill the very old Alfred Himmelman, an ex-Nazi officer, who might still be alive. Pretending to be a tourist guide, he befriends his grandson Axel, in Israel to visit his sister Pia. The two men set out on a tour of the country during which, Axel challenges Eyal's values.","[{""name"": ""Lama Films"", ""id"": 15}, {""name"": ""United King Films"", ""id"": 16}]",2004-02-05,1400000,0,103.0,,"[{""id"": 18, ""name"": ""Drama""}]",Released,mixed,low,low,5,moral conflict and friendship
27,tt0411705,9 Songs,"Matt, a young glaciologist, soars across the vast, silent, icebound immensities of the South Pole as he recalls his love affair with Lisa. They meet at a mobbed rock concert in a vast music hall - London's Brixton Academy. They are in bed at night's end. Together, over a period of several months, they pursue a mutual sexual passion whose inevitable stages unfold in counterpoint to nine live-concert songs.","[{""name"": ""Revolution Films"", ""id"": 163}]",2004-07-16,1000000,1574623,66.0,,"[{""id"": 18, ""name"": ""Drama""}, {""id"": 10402, ""name"": ""Music""}, {""id"": 10749, ""name"": ""Romance""}]",Released,neutral,low,low,3,intimate musical romance
28,tt0078788,Apocalypse Now,"At the height of the Vietnam war, Captain Benjamin Willard is sent on a dangerous mission that, officially, ""does not exist, nor will it ever exist."" His goal is to locate - and eliminate - a mysterious Green Beret Colonel named Walter Kurtz, who has been leading his personal army on illegal guerrilla missions into enemy territory.","[{""name"": ""United Artists"", ""id"": 60}, {""name"": ""Zoetrope Studios"", ""id"": 26663}]",1979-08-15,31500000,89460381,153.0,,"[{""id"": 18, ""name"": ""Drama""}, {""id"": 10752, ""name"": ""War""}]",Released,mixed,medium,medium,7,intense war drama
30,tt1530535,Magnetic Rose,Koji Morimato’s animated science fiction short story about how the boarder between reality and illusion on a space station become blurry.,"[{""name"": ""Studio 4°C"", ""id"": 11671}]",1995-12-23,0,0,44.0,,"[{""id"": 16, ""name"": ""Animation""}, {""id"": 878, ""name"": ""Science Fiction""}]",Released,neutral,low,low,6,thought-provoking sci-fi
33,tt0105695,Unforgiven,"William Munny is a retired, once-ruthless killer turned gentle widower and hog farmer. To help support his two motherless children, he accepts one last bounty-hunter mission to find the men who brutalized a prostitute. Joined by his former partner and a cocky greenhorn, he takes on a corrupt sheriff.","[{""name"": ""Malpaso Productions"", ""id"": 171}, {""name"": ""Warner Bros."", ""id"": 6194}]",1992-08-07,14000000,159157447,131.0,,"[{""id"": 37, ""name"": ""Western""}]",Released,positive,low,medium,8,gritty moral redemption
35,tt0462538,The Simpsons Movie,"After Homer accidentally pollutes the town's water supply, Springfield is encased in a gigantic dome by the EPA and the Simpsons are declared fugitives.","[{""name"": ""Gracie Films"", ""id"": 18}, {""name"": ""Twentieth Century Fox Film Corporation"", ""id"": 306}]",2007-07-25,75000000,527068851,87.0,,"[{""id"": 16, ""name"": ""Animation""}, {""id"": 35, ""name"": ""Comedy""}, {""id"": 10751, ""name"": ""Family""}]",Released,positive,medium,high,8,humorous family adventure
38,tt0338013,Eternal Sunshine of the Spotless Mind,"Joel Barish, heartbroken that his girlfriend underwent a procedure to erase him from her memory, decides to do the same. However, as he watches his memories of her fade away, he realises that he still loves her, and may be too late to correct his mistake.","[{""name"": ""Anonymous Content"", ""id"": 10039}, {""name"": ""This Is That Productions"", ""id"": 10059}, {""name"": ""Focus Features"", ""id"": 10146}]",2004-03-19,20000000,72258126,108.0,,"[{""id"": 878, ""name"": ""Science Fiction""}, {""id"": 18, ""name"": ""Drama""}, {""id"": 10749, ""name"": ""Romance""}]",Released,mixed,medium,medium,7,poignant memory exploration
55,tt0245712,Amores perros,Three different people in Mexico City are catapulted into dramatic and unforeseen circumstances in the wake of a terrible car crash: a young punk stumbles into the sinister underground world of dog fighting; an injured supermodel's designer pooch disappears into the apartment's floorboards; and an ex-radical turned hit man rescues a gunshot Rotweiler.,"[{""name"": ""Altavista Films"", ""id"": 5084}, {""name"": ""Zeta Film"", ""id"": 11230}]",2000-06-16,2000000,20908467,154.0,,"[{""id"": 18, ""name"": ""Drama""}, {""id"": 53, ""name"": ""Thriller""}]",Released,mixed,low,low,6,gritty urban drama
58,tt0383574,Pirates of the Caribbean: Dead Man's Chest,"Captain Jack Sparrow works his way out of a blood debt with the ghostly Davey Jones, he also attempts to avoid eternal damnation.","[{""name"": ""Walt Disney Pictures"", ""id"": 2}, {""name"": ""Jerry Bruckheimer Films"", ""id"": 130}, {""name"": ""Second Mate Productions"", ""id"": 19936}]",2006-06-20,200000000,1065659812,151.0,,"[{""id"": 12, ""name"": ""Adventure""}, {""id"": 14, ""name"": ""Fantasy""}, {""id"": 28, ""name"": ""Action""}]",Released,positive,high,high,9,swashbuckling fantasy adventure
59,tt0399146,A History of Violence,An average family is thrust into the spotlight after the father commits a seemingly self-defense murder at his diner.,"[{""name"": ""New Line Cinema"", ""id"": 12}, {""name"": ""DC Comics"", ""id"": 429}, {""name"": ""BenderSpink"", ""id"": 6363}]",2005-09-23,32000000,60740827,96.0,,"[{""id"": 18, ""name"": ""Drama""}, {""id"": 53, ""name"": ""Thriller""}, {""id"": 80, ""name"": ""Crime""}]",Released,mixed,medium,medium,6,intense moral dilemma
62,tt0062622,2001: A Space Odyssey,"Humanity finds a mysterious object buried beneath the lunar surface and sets off to find its origins with the help of HAL 9000, the world's most advanced super computer.","[{""name"": ""Stanley Kubrick Productions"", ""id"": 385}, {""name"": ""Metro-Goldwyn-Mayer (MGM)"", ""id"": 8411}]",1968-04-10,10500000,68700000,149.0,,"[{""id"": 878, ""name"": ""Science Fiction""}, {""id"": 9648, ""name"": ""Mystery""}, {""id"": 12, ""name"": ""Adventure""}]",Released,positive,low,medium,8,philosophical space exploration
63,tt0114746,Twelve Monkeys,"In the year 2035, convict James Cole reluctantly volunteers to be sent back in time to discover the origin of a deadly virus that wiped out nearly all of the earth's population and forced the survivors into underground communities. But when Cole is mistakenly sent to 1990 instead of 1996, he's arrested and locked up in a mental hospital. There he meets psychiatrist Dr. Kathryn Railly, and patient Jeffrey Goines, the son of a famous virus expert, who may hold the key to the mysterious rogue group, the Army of the 12 Monkeys, thought to be responsible for unleashing the killer disease.","[{""name"": ""Universal Pictures"", ""id"": 33}, {""name"": ""Atlas Entertainment"", ""id"": 507}, {""name"": ""Classico"", ""id"": 17031}]",1995-12-29,29500000,168840000,129.0,,"[{""id"": 878, ""name"": ""Science Fiction""}, {""id"": 53, ""name"": ""Thriller""}, {""id"": 9648, ""name"": ""Mystery""}]",Released,mixed,medium,medium,8,time-travel mystery thriller
64,tt0287467,Talk to Her,Two men share an odd friendship while they care for two women who are both in deep comas.,"[{""name"": ""Vía Digital"", ""id"": 357}, {""name"": ""Good Machine"", ""id"": 10565}, {""name"": ""El Deseo S.A."", ""id"": 11736}, {""name"": ""Antena 3 Televisión"", ""id"": 11737}]",2002-03-14,9285469,51001550,112.0,,"[{""id"": 18, ""name"": ""Drama""}, {""id"": 10749, ""name"": ""Romance""}]",Released,mixed,low,medium,7,emotional and surreal drama
65,tt0298203,8 Mile,"The setting is Detroit in 1995. The city is divided by 8 Mile, a road that splits the town in half along racial lines. A young white rapper, Jimmy ""B-Rabbit"" Smith Jr. summons strength within himself to cross over these arbitrary boundaries to fulfill his dream of success in hip hop. With his pal Future and the three one third in place, all he has to do is not choke.","[{""name"": ""Imagine Entertainment"", ""id"": 23}, {""name"": ""Mikona Productions GmbH & Co. KG"", ""id"": 24}]",2002-11-08,41000000,215000000,110.0,,"[{""id"": 18, ""name"": ""Drama""}]",Released,positive,medium,medium,8,inspiring hip hop journey
66,tt0118548,Absolute Power,A master thief coincidentally is robbing a house where a murder in which the President of The United States is involved occurs in front of his eyes. He is forced to run yet may hold evidence that could convict the President. A political thriller from and starring Clint Eastwood and based on a novel by David Baldacci.,"[{""name"": ""Columbia Pictures"", ""id"": 5}, {""name"": ""Castle Rock Entertainment"", ""id"": 97}, {""name"": ""Malpaso Productions"", ""id"": 171}]",1997-02-14,50000000,50068310,121.0,,"[{""id"": 80, ""name"": ""Crime""}, {""id"": 18, ""name"": ""Drama""}, {""id"": 53, ""name"": ""Thriller""}]",Released,neutral,medium,low,5,political crime thriller
67,tt0445620,Paradise Now,Paradise Now is filmed from the perspective of two Palestinian men who are preparing to perform a suicide attack in Israel. This is the first film to deal with the subject of suicide bombers.,"[{""name"": ""Lama Films"", ""id"": 15}, {""name"": ""Augustus Film"", ""id"": 89}, {""name"": ""Lama Productions"", ""id"": 91}, {""name"": ""Lumer Films"", ""id"": 93}, {""name"": ""Hazazah Film"", ""id"": 95}, {""name"": ""Filmstiftung Nordrhein-Westfalen"", ""id"": 315}, {""name"": ""Razor Film Produktion GmbH"", ""id"": 703}, {""name"": ""Eurimages"", ""id"": 850}, {""name"": ""Nederlands Fonds voor de Film"", ""id"": 4508}, {""name"": ""Arte France Cinéma"", ""id"": 6916}, {""name"": ""Medienboard Berlin-Brandenburg"", ""id"": 7307}]",2005-02-14,0,3357075,90.0,,"[{""id"": 53, ""name"": ""Thriller""}, {""id"": 80, ""name"": ""Crime""}, {""id"": 18, ""name"": ""Drama""}]",Released,mixed,low,low,5,politically charged drama
68,tt0088846,Brazil,"Low-level bureaucrat Sam Lowry escapes the monotony of his day-to-day life through a recurring daydream of himself as a virtuous hero saving a beautiful damsel. Investigating a case that led to the wrongful arrest and eventual death of an innocent man instead of wanted terrorist Harry Tuttle, he meets the woman from his daydream, and in trying to help her gets caught in a web of mistaken identities, mindless bureaucracy and lies.","[{""name"": ""Embassy International Pictures"", ""id"": 10214}]",1985-02-20,15000000,0,132.0,,"[{""id"": 35, ""name"": ""Comedy""}, {""id"": 878, ""name"": ""Science Fiction""}]",Released,mixed,medium,low,6,surreal bureaucratic satire
69,tt0358273,Walk the Line,"A chronicle of country music legend Johnny Cash's life, from his early days on an Arkansas cotton farm to his rise to fame with Sun Records in Memphis, where he recorded alongside Elvis Presley, Jerry Lee Lewis and Carl Perkins.","[{""name"": ""Tree Line Films"", ""id"": 84}, {""name"": ""Konrad Pictures"", ""id"": 85}, {""name"": ""Catfish Productions"", ""id"": 86}, {""name"": ""Fox 2000 Pictures"", ""id"": 711}, {""name"": ""Mars Media Beteiligungs"", ""id"": 6402}]",2005-09-13,28000000,186438883,136.0,,"[{""id"": 18, ""name"": ""Drama""}, {""id"": 10402, ""name"": ""Music""}, {""id"": 10749, ""name"": ""Romance""}]",Released,positive,medium,medium,8,inspiring musical biography
70,tt0405159,Million Dollar Baby,"Despondent over a painful estrangement from his daughter, trainer Frankie Dunn isn't prepared for boxer Maggie Fitzgerald to enter his life. But Maggie's determined to go pro and to convince Dunn and his cohort to help her.","[{""name"": ""Lakeshore Entertainment"", ""id"": 126}, {""name"": ""Malpaso Productions"", ""id"": 171}, {""name"": ""Epsilon Motion Pictures"", ""id"": 1171}, {""name"": ""Warner Bros."", ""id"": 6194}, {""name"": ""Albert S. Ruddy Productions"", ""id"": 16311}]",2004-12-15,30000000,216763646,132.0,,"[{""id"": 18, ""name"": ""Drama""}]",Released,positive,medium,medium,8,inspiring sports drama
71,tt0249462,Billy Elliot,"Set against the background of the 1984 Miner's Strike, Billy Elliot is an 11 year old boy who stumbles out of the boxing ring and onto the ballet floor. He faces many trials and triumphs as he strives to conquer his family's set ways, inner conflict, and standing on his toes!","[{""name"": ""BBC Films"", ""id"": 288}, {""name"": ""Tiger Aspect Productions"", ""id"": 686}, {""name"": ""StudioCanal"", ""id"": 694}, {""name"": ""Arts Council of England"", ""id"": 718}, {""name"": ""Working Title Films"", ""id"": 10163}, {""name"": ""WT2 Productions"", ""id"": 10462}]",2000-05-18,5000000,110000000,110.0,,"[{""id"": 18, ""name"": ""Drama""}, {""id"": 35, ""name"": ""Comedy""}, {""id"": 10402, ""name"": ""Music""}]",Released,positive,low,high,9,inspiring dance journey
73,tt0120586,American History X,"Derek Vineyard is paroled after serving 3 years in prison for killing two thugs who tried to break into/steal his truck. Through his brother, Danny Vineyard's narration, we learn that before going to prison, Derek was a skinhead and the leader of a violent white supremacist gang that committed acts of racial crime throughout L.A. and his actions greatly influenced Danny. Reformed and fresh out of prison, Derek severs contact with the gang and becomes determined to keep Danny from going down the same violent path as he did.","[{""name"": ""New Line Cinema"", ""id"": 12}, {""name"": ""The Turman-Morrissey Company"", ""id"": 924}, {""name"": ""Savoy Pictures"", ""id"": 11308}]",1998-10-30,20000000,23875127,119.0,,"[{""id"": 18, ""name"": ""Drama""}]",Released,mixed,medium,low,5,intense moral struggle
74,tt0407304,War of the Worlds,"Ray Ferrier is a divorced dockworker and less-than-perfect father. Soon after his ex-wife and her new husband drop of his teenage son and young daughter for a rare weekend visit, a strange and powerful lightning storm touches down.","[{""name"": ""Paramount Pictures"", ""id"": 4}, {""name"": ""DreamWorks SKG"", ""id"": 27}, {""name"": ""Cruise/Wagner Productions"", ""id"": 44}, {""name"": ""Amblin Entertainment"", ""id"": 56}]",2005-06-28,132000000,591739379,116.0,,"[{""id"": 12, ""name"": ""Adventure""}, {""id"": 53, ""name"": ""Thriller""}, {""id"": 878, ""name"": ""Science Fiction""}]",Released,neutral,high,high,8,intense alien invasion
75,tt0116996,Mars Attacks!,"'We come in peace' is not what those green men from Mars mean when they invade our planet, armed with irresistible weapons and a cruel sense of humor.  This star studded cast must play victim to the alien’s fun and games in this comedy homage to science fiction films of the '50s and '60s.","[{""name"": ""Tim Burton Productions"", ""id"": 8601}]",1996-12-12,70000000,101371017,106.0,,"[{""id"": 35, ""name"": ""Comedy""}, {""id"": 14, ""name"": ""Fantasy""}, {""id"": 878, ""name"": ""Science Fiction""}]",Released,mixed,medium,medium,6,quirky alien invasion
76,tt0112471,Before Sunrise,"A dialogue marathon of a film, this fairytale love story of an American boy and French girl. During a day and a night together in Vienna their two hearts collide.","[{""name"": ""Detour Film Production"", ""id"": 98}, {""name"": ""Warner Bros."", ""id"": 6194}]",1995-01-27,2500000,5535405,105.0,,"[{""id"": 18, ""name"": ""Drama""}, {""id"": 10749, ""name"": ""Romance""}]",Released,positive,low,low,6,intimate romantic dialogue
77,tt0209144,Memento,"Suffering short-term memory loss after a head injury, Leonard Shelby embarks on a grim quest to find the lowlife who murdered his wife in this gritty, complex thriller that packs more knots than a hangman's noose. To carry out his plan, Shelby snaps Polaroids of people and places, jotting down contextual notes on the backs of photos to aid in his search and jog his memory. He even tattoos his own body in a desperate bid to remember.","[{""name"": ""Summit Entertainment"", ""id"": 491}, {""name"": ""Newmarket Capital Group"", ""id"": 506}, {""name"": ""Team Todd"", ""id"": 598}, {""name"": ""I Remember Productions"", ""id"": 34446}]",2000-10-11,9000000,39723096,113.0,,"[{""id"": 9648, ""name"": ""Mystery""}, {""id"": 53, ""name"": ""Thriller""}]",Released,mixed,low,low,6,mind-bending mystery
78,tt0083658,Blade Runner,"In the smog-choked dystopian Los Angeles of 2019, blade runner Rick Deckard is called out of retirement to terminate a quartet of replicants who have escaped to Earth seeking their creator for a way to extend their short life spans.","[{""name"": ""Shaw Brothers"", ""id"": 5798}, {""name"": ""Warner Bros."", ""id"": 6194}, {""name"": ""The Ladd Company"", ""id"": 7965}]",1982-06-25,28000000,33139618,117.0,,"[{""id"": 878, ""name"": ""Science Fiction""}, {""id"": 18, ""name"": ""Drama""}, {""id"": 53, ""name"": ""Thriller""}]",Released,neutral,medium,low,5,philosophical sci-fi noir
79,tt0299977,Hero,One man defeated three assassins who sought to murder the most powerful warlord in pre-unified China.,"[{""name"": ""Beijing New Picture Film Co. Ltd."", ""id"": 724}, {""name"": ""China Film Co-Production Corporation"", ""id"": 2269}]",2002-12-19,31000000,177394432,99.0,,"[{""id"": 18, ""name"": ""Drama""}, {""id"": 12, ""name"": ""Adventure""}, {""id"": 28, ""name"": ""Action""}, {""id"": 36, ""name"": ""History""}]",Released,positive,medium,medium,8,epic historical drama
80,tt0381681,Before Sunset,Nine years ago two strangers met by chance and spent a night in Vienna that ended before sunrise. They are about to meet for the first time since. Now they have one afternoon to find out if they belong together.,"[{""name"": ""Castle Rock Entertainment"", ""id"": 97}, {""name"": ""Detour Film Production"", ""id"": 98}, {""name"": ""Warner Independent Pictures (WIP)"", ""id"": 11509}]",2004-02-10,2700000,15992615,80.0,,"[{""id"": 18, ""name"": ""Drama""}, {""id"": 10749, ""name"": ""Romance""}]",Released,positive,low,low,7,poignant romantic reunion
81,tt0087544,Nausicaä of the Valley of the Wind,"After a global war, the seaside kingdom known as the Valley Of The Wind remains one of the last strongholds on Earth untouched by a poisonous jungle and the powerful insects that guard it. Led by the courageous Princess Nausicaa, the people of the Valley engage in an epic struggle to restore the bond between humanity and Earth.","[{""name"": ""Topcraft"", ""id"": 29}]",1984-03-11,1000000,3301446,117.0,,"[{""id"": 12, ""name"": ""Adventure""}, {""id"": 16, ""name"": ""Animation""}, {""id"": 14, ""name"": ""Fantasy""}]",Released,positive,low,low,6,epic environmental adventure
82,tt0430357,Miami Vice,Miami Vice is a feature film based on the 1980s action drama TV series. The film tells the story of vice detectives Crockett and Tubbs and how their personal and professional lives are dangerously getting mixed.,"[{""name"": ""Universal Pictures"", ""id"": 33}, {""name"": ""Forward Pass"", ""id"": 675}, {""name"": ""Motion Picture ETA Produktionsgesellschaft"", ""id"": 52844}, {""name"": ""Foqus Arte Digital"", ""id"": 52845}, {""name"": ""Metropolis Films"", ""id"": 52846}]",2006-07-27,135000000,163794509,134.0,,"[{""id"": 28, ""name"": ""Action""}, {""id"": 12, ""name"": ""Adventure""}, {""id"": 80, ""name"": ""Crime""}, {""id"": 53, ""name"": ""Thriller""}]",Released,mixed,high,medium,6,stylish crime drama
83,tt0374102,Open Water,"Two divers are left out at sea without a boat. There’s nothing but water for miles, unless they look at what’s underneath them...","[{""name"": ""Plunge Pictures LLC"", ""id"": 22376}]",2004-08-06,130000,54667954,79.0,,"[{""id"": 18, ""name"": ""Drama""}, {""id"": 53, ""name"": ""Thriller""}]",Released,neutral,low,medium,8,tense survival thriller
85,tt0082971,Raiders of the Lost Ark,"When Dr. Indiana Jones – the tweed-suited professor who just happens to be a celebrated archaeologist – is hired by the government to locate the legendary Ark of the Covenant, he finds himself up against the entire Nazi regime.","[{""name"": ""Lucasfilm"", ""id"": 1}, {""name"": ""Paramount Pictures"", ""id"": 4}]",1981-06-12,18000000,389925971,115.0,,"[{""id"": 12, ""name"": ""Adventure""}, {""id"": 28, ""name"": ""Action""}]",Released,positive,medium,medium,9,iconic adventure quest
86,tt0430051,The Elementary Particles,"Based on Michel Houellebecq's controversial novel, Atomised (aka The Elementary Particles) focuses on Michael and Bruno, two very different half-brothers and their disturbed sexuality.  After a chaotic childhood with a hippie mother only caring for her affairs, Michael, a molecular biologist, is more interested in genes than women, while Bruno is obsessed with his sexual desires, but mostly finds his satisfaction with prostitutes.  But Bruno's life changes when he gets to know the experienced Christiane.  In the meantime, Michael meets Annabelle, the love of his youth, again.","[{""name"": ""MOOVIE - the art of entertainment GmbH"", ""id"": 74}, {""name"": ""Medienfonds German Film Productions GmbH & Co. KG"", ""id"": 75}]",2006-02-10,6000000,0,105.0,,"[{""id"": 18, ""name"": ""Drama""}, {""id"": 10749, ""name"": ""Romance""}]",Released,mixed,low,low,4,complex family dynamics
87,tt0087469,Indiana Jones and the Temple of Doom,"After arriving in India, Indiana Jones is asked by a desperate village to find a mystical stone. He agrees – and stumbles upon a secret cult plotting a terrible plan in the catacombs of an ancient palace.","[{""name"": ""Lucasfilm"", ""id"": 1}, {""name"": ""Paramount Pictures"", ""id"": 4}]",1984-05-23,28000000,333000000,118.0,,"[{""id"": 12, ""name"": ""Adventure""}, {""id"": 28, ""name"": ""Action""}]",Released,positive,medium,medium,8,thrilling adventure quest
88,tt0092890,Dirty Dancing,"Expecting the usual tedium that accompanies a summer in the Catskills with her family, 17-year-old Frances 'Baby' Houseman is surprised to find herself stepping into the shoes of a professional hoofer – and unexpectedly falling in love.","[{""name"": ""Great American Films Limited Partnership"", ""id"": 137}, {""name"": ""Vestron Pictures"", ""id"": 12360}]",1987-08-21,6000000,213954274,100.0,,"[{""id"": 18, ""name"": ""Drama""}, {""id"": 10402, ""name"": ""Music""}, {""id"": 10749, ""name"": ""Romance""}]",Released,positive,low,high,9,romantic dance drama
89,tt0097576,Indiana Jones and the Last Crusade,"When Dr. Henry Jones Sr. suddenly goes missing while pursuing the Holy Grail, eminent archaeologist Indiana must team up with Marcus Brody, Sallah and Elsa Schneider to follow in his father's footsteps and stop the Nazis from recovering the power of eternal life.","[{""name"": ""Lucasfilm"", ""id"": 1}, {""name"": ""Paramount Pictures"", ""id"": 4}]",1989-05-24,48000000,474171806,127.0,,"[{""id"": 12, ""name"": ""Adventure""}, {""id"": 28, ""name"": ""Action""}]",Released,positive,medium,medium,8,epic adventure quest
90,tt0086960,Beverly Hills Cop,"Tough-talking Detroit cop Axel Foley heads to the rarified world of Beverly Hills in his beat-up Chevy Nova to investigate a friend's murder. But soon, he realizes he's stumbled onto something much more complicated. Bungling rookie detective Billy Rosewood joins the fish-out-of-water Axel and shows him the West Los Angeles ropes.","[{""name"": ""Paramount Pictures"", ""id"": 4}, {""name"": ""Eddie Murphy Productions"", ""id"": 30}]",1984-11-29,15000000,316360478,105.0,,"[{""id"": 28, ""name"": ""Action""}, {""id"": 35, ""name"": ""Comedy""}, {""id"": 80, ""name"": ""Crime""}]",Released,positive,medium,medium,8,hilarious action comedy
91,tt0023037,Land Without Bread,"Las Hurdes – Tierra Sin Pan / Land Without Bread / Unpromised Land is a surrealist documentary filmed in Spain in 1932. It is the result of a two month trip through the Las Hurdes region. The film shows the contrasts between the village and the towns in the north of Extremadura, Salamanca and along the border of Portugal.","[{""name"": ""Ramón Acín"", ""id"": 85869}]",1933-12-01,20000,0,29.0,,"[{""id"": 99, ""name"": ""Documentary""}]",Released,neutral,low,low,6,surrealist social commentary
92,tt0169024,Megacities,Megacities is a documentary about the slums of five different metropolitan cities.,[],1998-08-12,0,0,94.0,,"[{""id"": 99, ""name"": ""Documentary""}]",Released,neutral,low,low,4,social awareness exploration
93,tt0052561,Anatomy of a Murder,"The film pits a humble small-town lawyer against a hard-headed big city prosecutor. Emotions flare as a jealous army lieutenant pleads innocent to murdering the rapist of his seductive, beautiful wife.","[{""name"": ""Columbia Pictures"", ""id"": 5}]",1959-07-01,0,0,160.0,,"[{""id"": 80, ""name"": ""Crime""}, {""id"": 18, ""name"": ""Drama""}, {""id"": 9648, ""name"": ""Mystery""}, {""id"": 53, ""name"": ""Thriller""}]",Released,neutral,low,medium,7,intense courtroom drama
95,tt0120591,Armageddon,"When an asteroid threatens to collide with Earth, NASA honcho Dan Truman determines the only way to stop it is to drill into its surface and detonate a nuclear bomb. This leads him to renowned driller Harry Stamper, who agrees to helm the dangerous space mission provided he can bring along his own hotshot crew. Among them is the cocksure A.J. who Harry thinks isn't good enough for his daughter, until the mission proves otherwise.","[{""name"": ""Jerry Bruckheimer Films"", ""id"": 130}, {""name"": ""Touchstone Pictures"", ""id"": 9195}, {""name"": ""Valhalla Motion Pictures"", ""id"": 11533}]",1998-07-01,140000000,553799566,151.0,,"[{""id"": 28, ""name"": ""Action""}, {""id"": 53, ""name"": ""Thriller""}, {""id"": 878, ""name"": ""Science Fiction""}, {""id"": 12, ""name"": ""Adventure""}]",Released,positive,high,high,9,epic disaster adventure
96,tt0092644,Beverly Hills Cop II,"Detroit cop, Axel Foley heads for the land of sunshine and palm trees to find out who shot police Captain Andrew Bogomil. Thanks to a couple of old friends, Axel's investigation uncovers a series of robberies masterminded by a heartless weapons kingpin – and the chase is on.","[{""name"": ""Paramount Pictures"", ""id"": 4}, {""name"": ""Eddie Murphy Productions"", ""id"": 30}, {""name"": ""Don Simpson/Jerry Bruckheimer Films"", ""id"": 10288}]",1987-05-18,20000000,299965036,100.0,,"[{""id"": 28, ""name"": ""Action""}, {""id"": 35, ""name"": ""Comedy""}, {""id"": 80, ""name"": ""Crime""}]",Released,positive,medium,medium,8,action-packed comedy
97,tt0084827,Tron,"As Kevin Flynn searches for proof that he invented a hit video game, he is ""digitalized"" by a laser and finds himself inside The Grid, where programs suffer under the tyrannical rule of the Master Control Program. With the help of TRON, a security program, Flynn seeks to free The Grid from the MCP.","[{""name"": ""Walt Disney Pictures"", ""id"": 2}, {""name"": ""Lisberger/Kushner"", ""id"": 558}]",1982-07-09,17000000,33000000,96.0,,"[{""id"": 878, ""name"": ""Science Fiction""}, {""id"": 28, ""name"": ""Action""}, {""id"": 12, ""name"": ""Adventure""}]",Released,neutral,medium,low,5,innovative digital adventure
98,tt0172495,Gladiator,"In the year 180, the death of emperor Marcus Aurelius throws the Roman Empire into chaos. Maximus is one of the Roman army's most capable and trusted generals and a key advisor to the emperor. As Marcus' devious son Commodus ascends to the throne, Maximus is set to be executed. He escapes, but is captured by slave traders. Renamed Spaniard and forced to become a gladiator, Maximus must battle to the death with other men for the amusement of paying audiences. His battle skills serve him well, and he becomes one of the most famous and admired men to fight in the Colosseum. Determined to avenge himself against the man who took away his freedom and laid waste to his family, Maximus believes that he can use his fame and skill in the ring to avenge the loss of his family and former glory. As the gladiator begins to challenge his rule, Commodus decides to put his own fighting mettle to the test by squaring off with Maximus in a battle to the death.","[{""name"": ""DreamWorks SKG"", ""id"": 27}, {""name"": ""Universal Pictures"", ""id"": 33}, {""name"": ""Scott Free Productions"", ""id"": 1645}, {""name"": ""Red Wagon Entertainment"", ""id"": 14440}, {""name"": ""Mill Film"", ""id"": 21904}, {""name"": ""C & L"", ""id"": 21905}, {""name"": ""Dawliz"", ""id"": 21906}]",2000-05-01,103000000,457640427,155.0,,"[{""id"": 28, ""name"": ""Action""}, {""id"": 18, ""name"": ""Drama""}, {""id"": 12, ""name"": ""Adventure""}]",Released,positive,high,medium,8,epic historical drama
99,tt0185125,All About My Mother,"A single mother in Madrid sees her only son die on his birthday as he runs to seek an actress' autograph. Beside herself with grief, she returns to Barcelona to tell the boy's father about the death of the son he never knew he had.","[{""name"": ""Renn Productions"", ""id"": 82}, {""name"": ""France 2 Cinéma"", ""id"": 83}]",1999-04-19,8272296,67872296,101.0,,"[{""id"": 35, ""name"": ""Comedy""}, {""id"": 18, ""name"": ""Drama""}]",Released,mixed,low,medium,7,emotional family drama
100,tt0120735,"Lock, Stock and Two Smoking Barrels",A card sharp and his unwillingly-enlisted friends need to make a lot of cash quick after losing a sketchy poker match. To do this they decide to pull a heist on a small-time gang who happen to be operating out of the flat next door.,"[{""name"": ""Handmade Films Ltd."", ""id"": 146}, {""name"": ""Summit Entertainment"", ""id"": 491}, {""name"": ""PolyGram Filmed Entertainment"", ""id"": 1382}, {""name"": ""SKA Films"", ""id"": 13419}, {""name"": ""The Steve Tisch Company"", ""id"": 21920}]",1998-03-05,1350000,3897569,105.0,,"[{""id"": 35, ""name"": ""Comedy""}, {""id"": 80, ""name"": ""Crime""}]",Released,neutral,low,low,4,quirky crime comedy
101,tt0110413,Leon: The Professional,"Leon, the top hit man in New York, has earned a rep as an effective ""cleaner"". But when his next-door neighbors are wiped out by a loose-cannon DEA agent, he becomes the unwilling custodian of 12-year-old Mathilda. Before long, Mathilda's thoughts turn to revenge, and she considers following in Leon's footsteps.","[{""name"": ""Columbia Pictures"", ""id"": 5}, {""name"": ""Gaumont"", ""id"": 9}]",1994-09-14,16000000,45284974,110.0,,"[{""id"": 53, ""name"": ""Thriller""}, {""id"": 80, ""name"": ""Crime""}, {""id"": 18, ""name"": ""Drama""}]",Released,mixed,medium,low,6,intense crime drama
102,tt0315543,Open Hearts,"Cecilie and Joachim are about to get married when a freak car accident leaves Joachim disabled, throwing their lives into a spin. The driver of the other car, Marie, and her family don’t get off lightly, either. Her husband Niels works in the hospital where he meets Cecilie and falls madly in love with her.","[{""name"": ""Zentropa Entertainments"", ""id"": 76}]",2002-09-06,0,0,113.0,,"[{""id"": 18, ""name"": ""Drama""}, {""id"": 10749, ""name"": ""Romance""}]",Released,mixed,low,low,4,emotional romantic drama
103,tt0075314,Taxi Driver,"A mentally unstable Vietnam War veteran works as a night-time taxi driver in New York City where the perceived decadence and sleaze feeds his urge for violent action, attempting to save a preadolescent prostitute in the process.","[{""name"": ""Columbia Pictures Corporation"", ""id"": 441}, {""name"": ""Italo/Judeo Productions"", ""id"": 46059}, {""name"": ""Bill/Phillips"", ""id"": 46060}]",1976-02-07,1300000,28262574,114.0,,"[{""id"": 80, ""name"": ""Crime""}, {""id"": 18, ""name"": ""Drama""}]",Released,mixed,low,low,6,dark urban drama
104,tt0130827,Run Lola Run,"Lola receives a phone call from her boyfriend Manni. He lost 100,000 DM in a subway train that belongs to a very bad guy. She has 20 minutes to raise this amount and meet Manni. Otherwise, he will rob a store to get the money. Three different alternatives may happen depending on some minor event along Lola's run.","[{""name"": ""X-Filme Creative Pool"", ""id"": 1972}, {""name"": ""Westdeutscher Rundfunk (WDR)"", ""id"": 7025}]",1998-08-20,1530000,7267585,81.0,,"[{""id"": 28, ""name"": ""Action""}, {""id"": 18, ""name"": ""Drama""}, {""id"": 53, ""name"": ""Thriller""}]",Released,positive,low,low,6,intense time pressure
105,tt0088763,Back to the Future,"Eighties teenager Marty McFly is accidentally sent back in time to 1955, inadvertently disrupting his parents' first meeting and attracting his mother's romantic interest. Marty must repair the damage to history by rekindling his parents' romance and - with the help of his eccentric inventor friend Doc Brown - return to 1985.","[{""name"": ""Universal Pictures"", ""id"": 33}, {""name"": ""Amblin Entertainment"", ""id"": 56}, {""name"": ""U-Drive Productions"", ""id"": 20448}]",1985-07-03,19000000,381109762,116.0,,"[{""id"": 12, ""name"": ""Adventure""}, {""id"": 35, ""name"": ""Comedy""}, {""id"": 878, ""name"": ""Science Fiction""}, {""id"": 10751, ""name"": ""Family""}]",Released,positive,medium,high,9,time-traveling adventure
106,tt0093773,Predator,"Dutch and his group of commandos are hired by the CIA to rescue downed airmen from guerillas in a Central American jungle. The mission goes well but as they return they find that something is hunting them. Nearly invisible, it blends in with the forest, taking trophies from the bodies of its victims as it goes along. Occasionally seeing through its eyes, the audience sees it is an intelligent alien hunter, hunting them for sport, killing them off one at a time.","[{""name"": ""Twentieth Century Fox Film Corporation"", ""id"": 306}, {""name"": ""Lawrence Gordon Productions"", ""id"": 840}, {""name"": ""Davis Entertainment"", ""id"": 1302}, {""name"": ""Silver Pictures"", ""id"": 1885}, {""name"": ""Amercent Films"", ""id"": 5263}, {""name"": ""American Entertainment Partners L.P."", ""id"": 5264}]",1987-06-11,18000000,98235548,107.0,,"[{""id"": 878, ""name"": ""Science Fiction""}, {""id"": 28, ""name"": ""Action""}, {""id"": 12, ""name"": ""Adventure""}, {""id"": 53, ""name"": ""Thriller""}]",Released,mixed,medium,medium,7,suspenseful alien hunt
107,tt0208092,Snatch,"The second film from British director Guy Ritchie. Snatch tells an obscure story similar to his first fast-paced crazy character-colliding filled film “Lock, Stock and Two Smoking Barrels.” There are two overlapping stories here – one is the search for a stolen diamond, and the other about a boxing promoter who’s having trouble with a psychotic gangster.","[{""name"": ""Columbia Pictures Corporation"", ""id"": 441}, {""name"": ""Screen Gems"", ""id"": 3287}, {""name"": ""SKA Films"", ""id"": 13419}]",2000-09-01,10000000,83557872,103.0,,"[{""id"": 53, ""name"": ""Thriller""}, {""id"": 80, ""name"": ""Crime""}]",Released,neutral,low,medium,7,quirky crime caper
108,tt0108394,Three Colors: Blue,A woman struggles to find a way to live her life after the death of her husband and child.,"[{""name"": ""France 3 Cinéma"", ""id"": 591}, {""name"": ""CED Productions"", ""id"": 1610}]",1993-01-10,0,0,98.0,,"[{""id"": 18, ""name"": ""Drama""}, {""id"": 10402, ""name"": ""Music""}, {""id"": 9648, ""name"": ""Mystery""}]",Released,negative,low,medium,7,poignant emotional journey
109,tt0111507,Three Colors: White,"Polish immigrant Karol Karol finds himself out of a marriage, a job and a country when his French wife, Dominique, divorces him after six months due to his impotence. Forced to leave France after losing the business they jointly owned, Karol enlists fellow Polish expatriate Mikolah to smuggle him back to their homeland.","[{""name"": ""Le Studio Canal+"", ""id"": 183}, {""name"": ""France 3 Cinéma"", ""id"": 591}, {""name"": ""Eurimages"", ""id"": 850}]",1994-01-26,0,0,91.0,,"[{""id"": 35, ""name"": ""Comedy""}, {""id"": 18, ""name"": ""Drama""}, {""id"": 9648, ""name"": ""Mystery""}]",Released,mixed,low,medium,7,darkly comedic exploration
110,tt0111495,Three Colors: Red,Red This is the third film from the trilogy by Kieślowski. “Red” meaning brotherliness. Here Kieślowski masterly tells strange coincidentally linked stories in the most packed work.,"[{""name"": ""Zespół Filmowy TOR"", ""id"": 38}, {""name"": ""Le Studio Canal+"", ""id"": 183}, {""name"": ""France 3 Cinéma"", ""id"": 591}, {""name"": ""Télévision Suisse-Romande"", ""id"": 1245}]",1994-05-27,0,0,99.0,,"[{""id"": 18, ""name"": ""Drama""}, {""id"": 9648, ""name"": ""Mystery""}, {""id"": 10749, ""name"": ""Romance""}]",Released,neutral,low,medium,7,interconnected human stories
111,tt0086250,Scarface,"After getting a green card in exchange for assassinating a Cuban government official, Tony Montana stakes a claim on the drug trade in Miami. Viciously murdering anyone who stands in his way, Tony eventually becomes the biggest drug lord in the state, controlling nearly all the cocaine that comes through Miami. But increased pressure from the police, wars with Colombian drug cartels and his own drug-fueled paranoia serve to fuel the flames of his eventual downfall.","[{""name"": ""Universal Pictures"", ""id"": 33}]",1983-12-08,25000000,65884703,170.0,,"[{""id"": 28, ""name"": ""Action""}, {""id"": 80, ""name"": ""Crime""}, {""id"": 18, ""name"": ""Drama""}, {""id"": 53, ""name"": ""Thriller""}]",Released,mixed,medium,medium,7,violent crime saga
112,tt0243862,Italian for Beginners,"This fifth Danish Dogme film is about six vulnerable individuals whose lives are interwoven. In a city suburb, a young minister arrives to take up duties at a local church. He is persuaded by his assistant to join an Italian night school class, and he soon becomes the centre of a group of people to whom fate has dealt quite serious blows. Gradually each one in the group manages to overcome his/her predicament and find a happy solution. This Dogma production was shown at the Berlinale in 2001 where it surprisingly won a silver medal.","[{""name"": ""Zentropa Entertainments"", ""id"": 76}]",2000-12-07,0,0,112.0,,"[{""id"": 35, ""name"": ""Comedy""}, {""id"": 18, ""name"": ""Drama""}, {""id"": 10749, ""name"": ""Romance""}]",Released,positive,low,medium,7,heartwarming personal growth
113,tt0374546,"Spring, Summer, Fall, Winter... and Spring","This South Korean film takes place on an isolated lake, where an old monk lives in a small floating temple. The monk has a young boy living with him, learning to become a monk. We watch as seasons and years pass by.","[{""name"": ""LJ Film"", ""id"": 139}, {""name"": ""Pandora Filmproduktion"", ""id"": 254}, {""name"": ""Cineclick Asia"", ""id"": 685}, {""name"": ""Korea Pictures"", ""id"": 11554}, {""name"": ""Cinesoul"", ""id"": 11555}, {""name"": ""Mirae Asset Capital"", ""id"": 11556}, {""name"": ""Muhan Investment"", ""id"": 11557}]",2003-09-19,0,6502364,103.0,,"[{""id"": 18, ""name"": ""Drama""}]",Released,neutral,low,low,6,meditative life cycle
114,tt0100405,Pretty Woman,"When millionaire wheeler-dealer Edward Lewis enters a business contract with Hollywood hooker Vivian Ward, he loses his heart in the bargain in this charming romantic comedy. After Edward hires Vivian as his date for a week and gives her a Cinderella makeover, she returns the favor by mellowing the hardnosed tycoon's outlook. Can the poor prostitute and the rich capitalist live happily ever after?","[{""name"": ""Touchstone Pictures"", ""id"": 9195}, {""name"": ""Silver Screen Partners IV"", ""id"": 10282}]",1990-03-23,14000000,463000000,119.0,,"[{""id"": 10749, ""name"": ""Romance""}, {""id"": 35, ""name"": ""Comedy""}]",Released,positive,low,medium,9,charming romantic comedy
115,tt0118715,The Big Lebowski,"Jeffrey ""The Dude"" Lebowski, a Los Angeles slacker who only wants to bowl and drink white Russians, is mistaken for another Jeffrey Lebowski, a wheelchair-bound millionaire, and finds himself dragged into a strange series of events involving nihilists, adult film producers, ferrets, errant toes, and large sums of money.","[{""name"": ""Gramercy Pictures"", ""id"": 37}, {""name"": ""PolyGram Filmed Entertainment"", ""id"": 1382}, {""name"": ""Working Title Films"", ""id"": 10163}]",1998-03-06,15000000,46189568,117.0,,"[{""id"": 35, ""name"": ""Comedy""}, {""id"": 80, ""name"": ""Crime""}]",Released,neutral,medium,low,6,quirky cult classic
116,tt0416320,Match Point,"Match Point is Woody Allen’s satire of the British High Society and the ambition of a young tennis instructor to enter into it. Yet when he must decide between two women - one assuring him his place in high society, and the other that would bring him far from it - palms start to sweat and a dark psychological match in his head begins.","[{""name"": ""DreamWorks"", ""id"": 7}]",2005-10-26,15000000,85306374,124.0,,"[{""id"": 18, ""name"": ""Drama""}, {""id"": 53, ""name"": ""Thriller""}, {""id"": 80, ""name"": ""Crime""}, {""id"": 10749, ""name"": ""Romance""}]",Released,mixed,medium,medium,7,psychological romantic thriller
117,tt0094226,The Untouchables,"Young Treasury Agent Elliot Ness arrives in Chicago and is determined to take down Al Capone, but it's not going to be easy because Capone has the police in his pocket. Ness meets Jimmy Malone, a veteran patrolman and probably the most honorable one on the force. He asks Malone to help him get Capone, but Malone warns him that if he goes after Capone, he is going to war.","[{""name"": ""Paramount Pictures"", ""id"": 4}]",1987-06-02,25000000,76270454,119.0,,"[{""id"": 80, ""name"": ""Crime""}, {""id"": 18, ""name"": ""Drama""}, {""id"": 36, ""name"": ""History""}, {""id"": 53, ""name"": ""Thriller""}]",Released,positive,medium,medium,7,gritty crime drama
118,tt0367594,Charlie and the Chocolate Factory,"A young boy wins a tour through the most magnificent chocolate factory in the world, led by the world's most unusual candy maker.","[{""name"": ""Village Roadshow Pictures"", ""id"": 79}, {""name"": ""The Zanuck Company"", ""id"": 80}, {""name"": ""Warner Bros."", ""id"": 6194}, {""name"": ""Tim Burton Productions"", ""id"": 8601}, {""name"": ""Plan B Entertainment"", ""id"": 45778}, {""name"": ""Theobald Film Productions"", ""id"": 55512}]",2005-07-13,150000000,474968763,115.0,,"[{""id"": 12, ""name"": ""Adventure""}, {""id"": 35, ""name"": ""Comedy""}, {""id"": 10751, ""name"": ""Family""}, {""id"": 14, ""name"": ""Fantasy""}]",Released,positive,high,medium,7,whimsical chocolate adventure
120,tt0120737,The Lord of the Rings: The Fellowship of the Ring,"Young hobbit Frodo Baggins, after inheriting a mysterious ring from his uncle Bilbo, must leave his home in order to keep it from falling into the hands of its evil creator. Along the way, a fellowship is formed to protect the ringbearer and make sure that the ring arrives at its final destination: Mt. Doom, the only place where it can be destroyed.","[{""name"": ""WingNut Films"", ""id"": 11}, {""name"": ""New Line Cinema"", ""id"": 12}, {""name"": ""The Saul Zaentz Company"", ""id"": 5237}]",2001-12-18,93000000,871368364,178.0,,"[{""id"": 12, ""name"": ""Adventure""}, {""id"": 14, ""name"": ""Fantasy""}, {""id"": 28, ""name"": ""Action""}]",Released,positive,medium,high,9,epic fantasy adventure
121,tt0167261,The Lord of the Rings: The Two Towers,"Frodo and Sam are trekking to Mordor to destroy the One Ring of Power while Gimli, Legolas and Aragorn search for the orc-captured Merry and Pippin. All along, nefarious wizard Saruman awaits the Fellowship members at the Orthanc Tower in Isengard.","[{""name"": ""WingNut Films"", ""id"": 11}, {""name"": ""New Line Cinema"", ""id"": 12}, {""name"": ""The Saul Zaentz Company"", ""id"": 5237}]",2002-12-18,79000000,926287400,179.0,,"[{""id"": 12, ""name"": ""Adventure""}, {""id"": 14, ""name"": ""Fantasy""}, {""id"": 28, ""name"": ""Action""}]",Released,positive,medium,high,9,epic fantasy adventure
122,tt0167260,The Lord of the Rings: The Return of the King,"Aragorn is revealed as the heir to the ancient kings as he, Gandalf and the other members of the broken fellowship struggle to save Gondor from Sauron's forces. Meanwhile, Frodo and Sam bring the ring closer to the heart of Mordor, the dark lord's realm.","[{""name"": ""WingNut Films"", ""id"": 11}, {""name"": ""New Line Cinema"", ""id"": 12}]",2003-12-01,94000000,1118888979,201.0,,"[{""id"": 12, ""name"": ""Adventure""}, {""id"": 14, ""name"": ""Fantasy""}, {""id"": 28, ""name"": ""Action""}]",Released,positive,medium,high,10,epic fantasy adventure
123,tt0077869,The Lord of the Rings,The Fellowship of the Ring embark on a journey to destroy the One Ring and end Sauron's reign over Middle-earth.,"[{""name"": ""United Artists"", ""id"": 60}, {""name"": ""Fantasy Films"", ""id"": 286}]",1978-11-15,4000000,30471420,132.0,,"[{""id"": 14, ""name"": ""Fantasy""}, {""id"": 18, ""name"": ""Drama""}, {""id"": 16, ""name"": ""Animation""}, {""id"": 12, ""name"": ""Adventure""}]",Released,positive,low,low,6,epic fantasy adventure
124,tt0086961,No End,"Taking place in a 1982 Poland a translator loses her husband and becomes a victim of her own sorrow. She looks to sex, to her son, to law, and to hypnotism when she has nothing else in this time of martial law when Solidarity was banned.","[{""name"": ""P.P. Film Polski"", ""id"": 1587}]",1985-06-17,0,0,109.0,,"[{""id"": 18, ""name"": ""Drama""}, {""id"": 14, ""name"": ""Fantasy""}]",Released,negative,low,low,4,haunting emotional struggle
127,tt0084549,Blind Chance,Witek runs after a train. Three variations follow on how such a seemingly banal incident could influence the rest of Witek's life.,"[{""name"": ""P.P. Film Polski"", ""id"": 1587}]",1987-01-10,0,0,123.0,,"[{""id"": 18, ""name"": ""Drama""}]",Released,neutral,low,low,6,philosophical life choices
128,tt0119698,Princess Mononoke,"Ashitaka, a prince of the disappearing Ainu tribe, is cursed by a demonized boar god and must journey to the west to find a cure. Along the way, he encounters San, a young human woman fighting to protect the forest, and Lady Eboshi, who is trying to destroy it. Ashitaka must find a way to bring balance to this conflict.","[{""name"": ""Miramax Films"", ""id"": 14}, {""name"": ""Studio Ghibli"", ""id"": 10342}, {""name"": ""Nibariki"", ""id"": 12516}, {""name"": ""Nippon Television Network (NTV)"", ""id"": 20192}]",1997-07-12,26500000,159375308,134.0,,"[{""id"": 12, ""name"": ""Adventure""}, {""id"": 14, ""name"": ""Fantasy""}, {""id"": 16, ""name"": ""Animation""}]",Released,positive,medium,medium,8,epic environmental conflict
129,tt0245429,Spirited Away,A ten year old girl who wanders away from her parents along a path that leads to a world ruled by strange and unusual monster-like animals. Her parents have been changed into pigs along with others inside a bathhouse full of these creatures. Will she ever see the world how it once was?,"[{""name"": ""Studio Ghibli"", ""id"": 10342}]",2001-07-20,15000000,274925095,125.0,,"[{""id"": 14, ""name"": ""Fantasy""}, {""id"": 12, ""name"": ""Adventure""}, {""id"": 16, ""name"": ""Animation""}, {""id"": 10751, ""name"": ""Family""}]",Released,positive,medium,high,9,whimsical coming-of-age journey
132,tt0065780,The Rolling Stones: Gimme Shelter,"This documentary of the Rolling Stones' 1969 US tour has become a legendary, harrowing symbol of the tragic demise of the ""Peace and Love"" era. After a successful tour across the US, the Rolling Stones gave a free December concert at Altamont Speedway in California with the Grateful Dead, Ike and Tina Turner, Jefferson Airplane, and the Flying Burrito Brothers. The band unwisely selected the Hells Angels to provide security, and the bikers resorted to violence to keep the stoned, restless, and often naked crowd in line. The result: dozens of injuries and the on-screen stabbing of a young black man (during ""Sympathy for the Devil"") by one of the concert's staff security. In a manipulative but effective move, the Maysles brothers filmed Mick Jagger in the editing room witnessing the on-camera murder for the first time. The film also works as a rock-and-roll document, capturing the band at their most relaxed, intoxicating, and electrifying.","[{""name"": ""The Criterion Collection"", ""id"": 10932}, {""name"": ""Maysles Films"", ""id"": 14563}]",1970-12-06,0,0,91.0,,"[{""id"": 99, ""name"": ""Documentary""}, {""id"": 10402, ""name"": ""Music""}]",Released,mixed,low,medium,7,legendary rock documentary
133,tt0054205,Primary,Primary is a documentary film about the primary elections between John F. Kennedy and Hubert Humphrey in 1960. Primary is the first documentary to use light equipment in order to follow their subjects in a more intimate filmmaking style. This unconventional way of filming created a new look for documentary films where the camera’s lens was right in the middle of what ever drama was occuring.,"[{""name"": ""Drew Associates"", ""id"": 2401}, {""name"": ""Time"", ""id"": 2402}]",1960-01-01,0,0,60.0,,"[{""id"": 99, ""name"": ""Documentary""}]",Released,neutral,low,low,6,intimate political insight
134,tt0190590,"O Brother, Where Art Thou?","In the deep south during the 1930s, three escaped convicts search for hidden treasure while a relentless lawman pursues them. On their journey they come across many comical characters and incredible situations. Based upon Homer's 'Odyssey'.","[{""name"": ""Universal Pictures"", ""id"": 33}, {""name"": ""Mike Zoss Productions"", ""id"": 2092}, {""name"": ""Studio Canal"", ""id"": 5870}, {""name"": ""Touchstone Pictures"", ""id"": 9195}, {""name"": ""Working Title Films"", ""id"": 10163}]",2000-08-30,26000000,71868327,106.0,,"[{""id"": 28, ""name"": ""Action""}, {""id"": 12, ""name"": ""Adventure""}, {""id"": 35, ""name"": ""Comedy""}]",Released,positive,medium,medium,7,quirky southern adventure
135,tt0061589,Dont Look Back,"In this wildly entertaining vision of one of the twentieth century’s greatest artists, Bob Dylan is surrounded by teen fans, gets into heated philosophical jousts with journalists, and kicks back with fellow musicians Joan Baez, Donovan, and Alan Price.","[{""name"": ""Docurama"", ""id"": 39}]",1967-05-17,0,0,96.0,,"[{""id"": 99, ""name"": ""Documentary""}, {""id"": 10402, ""name"": ""Music""}]",Released,positive,low,medium,7,iconic musical journey
136,tt0022913,Freaks,"A circus' beautiful trapeze artist agrees to marry the leader of side-show performers, but his deformed friends discover she is only marrying him for his inheritance.","[{""name"": ""Metro-Goldwyn-Mayer (MGM)"", ""id"": 8411}]",1932-02-20,0,0,64.0,,"[{""id"": 18, ""name"": ""Drama""}, {""id"": 27, ""name"": ""Horror""}]",Released,mixed,low,low,7,dark circus drama
137,tt0107048,Groundhog Day,"A narcissistic TV weatherman, along with his attractive-but-distant producer and mawkish cameraman, is sent to report on Groundhog Day in the small town of Punxsutawney, where he finds himself repeating the same day over and over.","[{""name"": ""Columbia Pictures"", ""id"": 5}]",1993-02-11,14600000,70906973,101.0,,"[{""id"": 10749, ""name"": ""Romance""}, {""id"": 14, ""name"": ""Fantasy""}, {""id"": 18, ""name"": ""Drama""}, {""id"": 35, ""name"": ""Comedy""}]",Released,positive,low,medium,8,timeless romantic comedy
138,tt0021814,Dracula,The legend of vampire Count Dracula begins here with this original 1931 Dracula film from Bela Lugosi.,"[{""name"": ""Universal Pictures"", ""id"": 33}]",1931-02-12,355000,1012189,72.0,,"[{""id"": 27, ""name"": ""Horror""}]",Released,positive,low,medium,8,classic horror tale
139,tt0164756,Mifune,"Kresten, newly wed, is on the threshold of a great career success in his father-in-law´s company. But when the death of his own father takes him back to his poverty-stricken childhood home, far out in the country, his career plans fall apart. For one thing he has to deal with his loveable, backward brother, who is now all alone; for another, he meets a stunning woman who comes to the farm as a housekeeper, in disguise of her real profession as a call-girl.","[{""name"": ""Nimbus Film Productions"", ""id"": 11672}]",1999-03-12,0,0,98.0,,"[{""id"": 10749, ""name"": ""Romance""}, {""id"": 35, ""name"": ""Comedy""}, {""id"": 18, ""name"": ""Drama""}]",Released,mixed,low,low,5,heartfelt rural drama
140,tt0275491,Bad Education,"Two children, Ignacio and Enrique, know love, the movies and fear in a religious school at the beginning of the 1960s. Father Manolo, director of the school and its professor of literature, is witness to and part of these discoveries. The three are followed through the next few decades, their reunion marking life and death.","[{""name"": ""Televisión Española TVE"", ""id"": 6780}, {""name"": ""Canal+ España"", ""id"": 9335}, {""name"": ""El Deseo S.A."", ""id"": 11736}]",2004-03-19,5000000,40266982,106.0,,"[{""id"": 80, ""name"": ""Crime""}, {""id"": 18, ""name"": ""Drama""}, {""id"": 10749, ""name"": ""Romance""}, {""id"": 53, ""name"": ""Thriller""}]",Released,mixed,low,low,6,intense coming-of-age drama
141,tt0246578,Donnie Darko,"After narrowly escaping a bizarre accident, a troubled teenager is plagued by visions of a large bunny rabbit that manipulates him to commit a series of crimes.","[{""name"": ""Pandora Cinema"", ""id"": 185}, {""name"": ""Twentieth Century Fox Film Corporation"", ""id"": 306}, {""name"": ""Flower Films"", ""id"": 2214}, {""name"": ""Adam Fields Productions"", ""id"": 3334}]",2001-01-18,6000000,1270522,113.0,,"[{""id"": 14, ""name"": ""Fantasy""}, {""id"": 18, ""name"": ""Drama""}, {""id"": 9648, ""name"": ""Mystery""}]",Released,mixed,low,low,4,cult classic psychological thriller
